{
  "iterations": 2600,
  "learning_rate": 0.03273485577724479,
  "depth": 9,
  "l2_leaf_reg": 1.7257585726451992,
  "subsample": 0.6793788283146647,
  "rsm": 0.7472785869700457
}