{
  "n_estimators": 2823,
  "learning_rate": 0.0059527095788624975,
  "max_depth": 9,
  "subsample": 0.8834650855196923,
  "colsample_bytree": 0.48351684345661783,
  "min_child_weight": 2,
  "gamma": 0.010597619318802431,
  "reg_lambda": 5.497956927974227,
  "reg_alpha": 0.7856751572061917
}