{
  "split_mode": "time",
  "models": {
    "lightgbm": {
      "best_value_rmse": 0.9258880682813002,
      "best_params": {
        "n_estimators": 2675,
        "learning_rate": 0.02502156079645935,
        "num_leaves": 69,
        "min_child_samples": 67,
        "feature_fraction": 0.9282211987191775,
        "bagging_fraction": 0.7852125604485957,
        "bagging_freq": 1,
        "reg_lambda": 4.989891199680562,
        "reg_alpha": 0.6615993909773709,
        "max_depth": 12
      },
      "elapsed_sec": 166.9188678264618
    },
    "catboost": {
      "best_value_rmse": 0.8879840700399122,
      "best_params": {
        "iterations": 2600,
        "learning_rate": 0.03273485577724479,
        "depth": 9,
        "l2_leaf_reg": 1.7257585726451992,
        "subsample": 0.6793788283146647,
        "rsm": 0.7472785869700457
      },
      "elapsed_sec": 432.6317138671875
    },
    "xgboost": {
      "best_value_rmse": 0.9401272712855862,
      "best_params": {
        "n_estimators": 2285,
        "learning_rate": 0.027291886263444795,
        "max_depth": 6,
        "min_child_weight": 6.084529689133342,
        "subsample": 0.6806532933127274,
        "colsample_bytree": 0.9954379230558738,
        "reg_lambda": 1.7625379708880173,
        "reg_alpha": 0.6897662061044044,
        "tree_method": "hist"
      },
      "elapsed_sec": 178.84920835494995
    }
  },
  "trials": 20
}